<?xml version="1.0"?>
<summary>
  <scriptversion>3.1.15-11.28</scriptversion>
  <scriptdate>2024 Jan 11</scriptdate>
  <rundate>240404</rundate>
  <runtime>1116</runtime>
  <logdir>/var/log/scc_o-node2_240404_1116</logdir>
  <hostname>o-node2</hostname>
  <arch>x86_64</arch>
  <kernel>5.14.21-150400.24.74-default</kernel>
  <sle_type>SUSE Linux Enterprise Server</sle_type>
  <sle_version>15</sle_version>
  <sle_patchlevel>4</sle_patchlevel>
</summary>
<customer>
  <srnum />
</customer>
<products>
<product schemeversion="0">
  <vendor>SUSE</vendor>
  <name>SLES_SAP</name>
  <version>15.4</version>
  <baseversion>15</baseversion>
  <patchlevel>4</patchlevel>
  <predecessor>SUSE_SLES_SAP</predecessor>
  <release>0</release>
  <endoflife></endoflife>
  <arch>x86_64</arch>
  <cpeid>cpe:/o:suse:sles_sap:15:sp4</cpeid>
  <productline>SLES_SAP</productline>
  <codestream>
    <name>SUSE Linux Enterprise Server for SAP Applications 15</name>
    <endoflife>2028-07-31</endoflife>
  </codestream>
  <register>
      <target>sle-15-x86_64</target>
  </register>
  <repositories>
      <repository type="update" repoid="obsrepository://build.suse.de/SUSE:Updates:SLE-Product-SLES_SAP:15-SP4:x86_64/update" />
      <repository type="update" repoid="obsrepository://build.suse.de/SUSE:Updates:SLE-Product-SLES_SAP:15-SP4:x86_64/update_debug" />
      <repository type="update" repoid="obsrepository://build.suse.de/SUSE:Updates:SLE-INSTALLER:15-SP4:x86_64/update" />
      <repository type="pool" repoid="obsproduct://build.suse.de/SUSE:Products:SLE-Product-SLES_SAP:15-SP4:x86_64/SLES_SAP/15.4/x86_64" />
  </repositories>
  <summary>SUSE Linux Enterprise Server for SAP Applications 15 SP4</summary>
  <shortsummary>SLE-15-SP4-SAP</shortsummary>
  <description>SUSE Linux Enterprise offers a comprehensive
        suite of products built on a single code base.
        The platform addresses business needs from
        the smallest thin-client devices to the world's
        most powerful high-performance computing
        and mainframe servers. SUSE Linux Enterprise
        offers common management tools and technology
        certifications across the platform, and
        each product is enterprise-class.</description>
  <linguas>
    <language>cs</language>
    <language>da</language>
    <language>de</language>
    <language>en</language>
    <language>en_GB</language>
    <language>en_US</language>
    <language>es</language>
    <language>fi</language>
    <language>fr</language>
    <language>hu</language>
    <language>it</language>
    <language>ja</language>
    <language>nb</language>
    <language>nl</language>
    <language>pl</language>
    <language>pt</language>
    <language>pt_BR</language>
    <language>ru</language>
    <language>sv</language>
    <language>zh</language>
    <language>zh_CN</language>
    <language>zh_TW</language>
  </linguas>
  <urls>
    <url name="releasenotes">https://www.suse.com/releasenotes/x86_64/SLE-SAP/15-SP4/release-notes-sles-for-sap.rpm</url>
  </urls>
  <buildconfig>
    <producttheme>SLES_SAP</producttheme>
  </buildconfig>
  <installconfig>
    <defaultlang>en_US</defaultlang>
    <releasepackage name="SLES_SAP-release" flag="EQ" version="15.4" release="150400.55.1"/>
    <distribution>SUSE_SLE</distribution>
  </installconfig>
  <runtimeconfig/>
  <productdependency relationship="provides" name="SUSE_SLE" baseversion="15" patchlevel="4" flag="EQ"/>
  <productdependency relationship="provides" name="SUSE_SLE-SP4" baseversion="15" patchlevel="4" flag="EQ"/>
</product>
<product schemeversion="0">
  <vendor>SUSE</vendor>
  <name>sle-module-basesystem</name>
  <version>15.4</version>
  <baseversion>15</baseversion>
  <patchlevel>4</patchlevel>
  <release>0</release>
  <endoflife></endoflife>
  <arch>x86_64</arch>
  <cpeid>cpe:/o:suse:sle-module-basesystem:15:sp4</cpeid>
  <productline>sle-module-basesystem</productline>
  <register>
      <target>sle-15-x86_64</target>
    <flavor>module</flavor>
  </register>
  <repositories>
      <repository type="update" repoid="obsrepository://build.suse.de/SUSE:Updates:SLE-Module-Basesystem:15-SP4:x86_64/update" />
      <repository type="update" repoid="obsrepository://build.suse.de/SUSE:Updates:SLE-Module-Basesystem:15-SP4:x86_64/update_debug" />
      <repository type="pool" repoid="obsproduct://build.suse.de/SUSE:Products:SLE-Module-Basesystem:15-SP4:x86_64/sle-module-basesystem/15.4/x86_64" />
  </repositories>
  <summary>Basesystem Module</summary>
  <shortsummary>Basesystem-Module</shortsummary>
  <description>&lt;p&gt;
  The SUSE Linux Enterprise Basesystem Module delivers the base system of
  the product.
  &lt;/p&gt;</description>
  <urls>
    <url name="bugtracker">https://bugzilla.suse.com/</url>
  </urls>
  <buildconfig>
    <producttheme>SLES</producttheme>
  </buildconfig>
  <installconfig>
    <defaultlang>en_US</defaultlang>
    <releasepackage name="sle-module-basesystem-release" flag="EQ" version="15.4" release="150400.55.1"/>
    <distribution>SUSE_SLE</distribution>
  </installconfig>
  <runtimeconfig/>
  <productdependency relationship="requires" name="SUSE_SLE" baseversion="15" patchlevel="4" flag="GE"/>
</product>
<product schemeversion="0">
  <vendor>SUSE</vendor>
  <name>sle-module-desktop-applications</name>
  <version>15.4</version>
  <baseversion>15</baseversion>
  <patchlevel>4</patchlevel>
  <release>0</release>
  <endoflife></endoflife>
  <arch>x86_64</arch>
  <cpeid>cpe:/o:suse:sle-module-desktop-applications:15:sp4</cpeid>
  <productline>sle-module-desktop-applications</productline>
  <register>
      <target>sle-15-x86_64</target>
    <flavor>module</flavor>
  </register>
  <repositories>
      <repository type="update" repoid="obsrepository://build.suse.de/SUSE:Updates:SLE-Module-Desktop-Applications:15-SP4:x86_64/update" />
      <repository type="update" repoid="obsrepository://build.suse.de/SUSE:Updates:SLE-Module-Desktop-Applications:15-SP4:x86_64/update_debug" />
      <repository type="pool" repoid="obsproduct://build.suse.de/SUSE:Products:SLE-Module-Desktop-Applications:15-SP4:x86_64/sle-module-desktop-applications/15.4/x86_64" />
  </repositories>
  <summary>Desktop Applications Module</summary>
  <shortsummary>Desktop-Applications-Module</shortsummary>
  <description>&lt;p&gt;
	The SUSE Linux Enterprise Desktop Applications Module delivers a
	basic set of Desktop functionality.
	&lt;/p&gt;
	&lt;p&gt;
	Access to the Desktop Applications Module is included in your SUSE Linux
	Enterprise product subscription.
	&lt;/p&gt;</description>
  <urls>
    <url name="bugtracker">https://bugzilla.suse.com/</url>
  </urls>
  <buildconfig>
    <producttheme>SLES</producttheme>
  </buildconfig>
  <installconfig>
    <defaultlang>en_US</defaultlang>
    <releasepackage name="sle-module-desktop-applications-release" flag="EQ" version="15.4" release="150400.55.1"/>
    <distribution>SUSE_SLE</distribution>
  </installconfig>
  <runtimeconfig/>
  <productdependency relationship="requires" name="SUSE_SLE" baseversion="15" patchlevel="4" flag="GE"/>
  <productdependency relationship="requires" name="sle-module-basesystem" baseversion="15" patchlevel="4" flag="GE"/>
</product>
<product schemeversion="0">
  <vendor>SUSE</vendor>
  <name>sle-module-server-applications</name>
  <version>15.4</version>
  <baseversion>15</baseversion>
  <patchlevel>4</patchlevel>
  <release>0</release>
  <endoflife></endoflife>
  <arch>x86_64</arch>
  <cpeid>cpe:/o:suse:sle-module-server-applications:15:sp4</cpeid>
  <productline>sle-module-server-applications</productline>
  <register>
      <target>sle-15-x86_64</target>
    <flavor>module</flavor>
  </register>
  <repositories>
      <repository type="update" repoid="obsrepository://build.suse.de/SUSE:Updates:SLE-Module-Server-Applications:15-SP4:x86_64/update" />
      <repository type="update" repoid="obsrepository://build.suse.de/SUSE:Updates:SLE-Module-Server-Applications:15-SP4:x86_64/update_debug" />
      <repository type="pool" repoid="obsproduct://build.suse.de/SUSE:Products:SLE-Module-Server-Applications:15-SP4:x86_64/sle-module-server-applications/15.4/x86_64" />
  </repositories>
  <summary>Server Applications Module</summary>
  <shortsummary>Server-Applications-Module</shortsummary>
  <description>&lt;p&gt;
	The SUSE Linux Enterprise Server Applications Module delivers a
	basic set of Server functionality.
	&lt;/p&gt;
	&lt;p&gt;
	Access to the Server Applications Module is included in your SUSE Linux
	Enterprise Server subscription.
	&lt;/p&gt;</description>
  <urls>
    <url name="bugtracker">https://bugzilla.suse.com/</url>
  </urls>
  <buildconfig>
    <producttheme>SLES</producttheme>
  </buildconfig>
  <installconfig>
    <defaultlang>en_US</defaultlang>
    <releasepackage name="sle-module-server-applications-release" flag="EQ" version="15.4" release="150400.55.1"/>
    <distribution>SUSE_SLE</distribution>
  </installconfig>
  <runtimeconfig/>
  <productdependency relationship="requires" name="SUSE_SLE" baseversion="15" patchlevel="4" flag="GE"/>
  <productdependency relationship="requires" name="sle-module-basesystem" baseversion="15" patchlevel="4" flag="GE"/>
  <productdependency relationship="conflicts" name="SLED" baseversion="15" patchlevel="4" flag="GE"/>
</product>
<product schemeversion="0">
  <vendor>SUSE</vendor>
  <name>sle-ha</name>
  <version>15.4</version>
  <baseversion>15</baseversion>
  <patchlevel>4</patchlevel>
  <release>0</release>
  <endoflife></endoflife>
  <arch>x86_64</arch>
  <cpeid>cpe:/o:suse:sle-ha:15:sp4</cpeid>
  <productline>sle-ha</productline>
  <codestream>
    <name>SUSE Linux Enterprise High Availability Extension 15</name>
    <endoflife>2028-07-31</endoflife>
  </codestream>
  <register>
      <target>sle-15-x86_64</target>
    <flavor>extension</flavor>
  </register>
  <repositories>
      <repository type="update" repoid="obsrepository://build.suse.de/SUSE:Updates:SLE-Product-HA:15-SP4:x86_64/update" />
      <repository type="update" repoid="obsrepository://build.suse.de/SUSE:Updates:SLE-Product-HA:15-SP4:x86_64/update_debug" />
      <repository type="pool" repoid="obsproduct://build.suse.de/SUSE:Products:SLE-Product-HA:15-SP4:x86_64/sle-ha/15.4/x86_64" />
  </repositories>
  <summary>SUSE Linux Enterprise High Availability Extension 15 SP4</summary>
  <shortsummary>SLEHA15-SP4</shortsummary>
  <description>SUSE Linux High Availability Extension
          provides mature, industry-leading open-source
          high-availability clustering technologies that
          are easy to set up and use. It can be deployed
          in physical and/or virtual environments, and
          can cluster physical servers, virtual servers,
          or any combination of the two to suit your
          business’ needs.</description>
  <linguas>
    <language>cs</language>
    <language>da</language>
    <language>de</language>
    <language>en</language>
    <language>en_GB</language>
    <language>en_US</language>
    <language>es</language>
    <language>fi</language>
    <language>fr</language>
    <language>hu</language>
    <language>it</language>
    <language>ja</language>
    <language>nb</language>
    <language>nl</language>
    <language>pl</language>
    <language>pt</language>
    <language>pt_BR</language>
    <language>ru</language>
    <language>sv</language>
    <language>zh</language>
    <language>zh_CN</language>
    <language>zh_TW</language>
  </linguas>
  <urls>
    <url name="releasenotes">https://www.suse.com/releasenotes/x86_64/SLE-HA/15-SP4/release-notes-ha.rpm</url>
    <url name="releasenotes">https://www.suse.com/releasenotes/x86_64/SUSE-SLES/15-SP4/release-notes-sles.rpm</url>
  </urls>
  <buildconfig>
    <producttheme>SLES</producttheme>
  </buildconfig>
  <installconfig>
    <defaultlang>en_US</defaultlang>
    <releasepackage name="sle-ha-release" flag="EQ" version="15.4" release="150400.55.1"/>
    <distribution>SUSE_SLE</distribution>
  </installconfig>
  <runtimeconfig/>
  <productdependency relationship="requires" name="SUSE_SLE" baseversion="15" patchlevel="4" flag="EQ"/>
  <productdependency relationship="requires" name="sle-module-server-applications" baseversion="15" patchlevel="0" flag="GE"/>
</product>
<product schemeversion="0">
  <vendor>SUSE</vendor>
  <name>sle-module-sap-applications</name>
  <version>15.4</version>
  <baseversion>15</baseversion>
  <patchlevel>4</patchlevel>
  <release>0</release>
  <endoflife></endoflife>
  <arch>x86_64</arch>
  <cpeid>cpe:/o:suse:sle-module-sap-applications:15:sp4</cpeid>
  <productline>sle-module-sap-applications</productline>
  <register>
      <target>sle-15-x86_64</target>
    <flavor>module</flavor>
  </register>
  <repositories>
      <repository type="update" repoid="obsrepository://build.suse.de/SUSE:Updates:SLE-Module-SAP-Applications:15-SP4:x86_64/update" />
      <repository type="update" repoid="obsrepository://build.suse.de/SUSE:Updates:SLE-Module-SAP-Applications:15-SP4:x86_64/update_debug" />
      <repository type="pool" repoid="obsproduct://build.suse.de/SUSE:Products:SLE-Module-SAP-Applications:15-SP4:x86_64/sle-module-sap-applications/15.4/x86_64" />
  </repositories>
  <summary>SAP Applications Module</summary>
  <shortsummary>SAP-Applications-Module</shortsummary>
  <description>&lt;p&gt;
	The SAP Applications module contains the specialized tools for SAP Applications administration.
	&lt;/p&gt;
  &lt;p&gt;
  The module is maintained and supported by the SUSE Linux Enterprise Server for SAP Applications product subscription.
  &lt;/p&gt;</description>
  <urls>
    <url name="bugtracker">https://bugzilla.suse.com/</url>
  </urls>
  <buildconfig>
    <producttheme>SLES</producttheme>
  </buildconfig>
  <installconfig>
    <defaultlang>en_US</defaultlang>
    <releasepackage name="sle-module-sap-applications-release" flag="EQ" version="15.4" release="150400.55.1"/>
    <distribution>SUSE_SLE</distribution>
  </installconfig>
  <runtimeconfig/>
  <productdependency relationship="requires" name="SUSE_SLE" baseversion="15" patchlevel="4" flag="GE"/>
  <productdependency relationship="conflicts" name="SLED" baseversion="15" patchlevel="4" flag="GE"/>
  <productdependency relationship="requires" name="sle-ha" baseversion="15" patchlevel="4" flag="GE"/>
</product>
</products>
